<?xml version="1.0" encoding="UTF-8"?><metadata xmlns:xsi="http://www.w3.org/2001/XMLSchema-instance" xsi:noNamespaceSchemaLocation="http://www.conabio.gob.mx/informacion/gis/schemas/fgdc/fgdc-std-001-1998.xsd"><idinfo><citation><citeinfo><origin>CONABIO, (14/10/2015). &apos;&#x00C1;reas Naturales Protegidas Estatales, Municipales, Ejidales y Privadas de M&#x00E9;xico 2015 &apos;, edici&#x00F3;n: 1. Comisi&#x00F3;n Nacional para el Conocimiento y Uso de la Biodiversidad. Distrito Federal Tlalpan. </origin><pubdate>20150421</pubdate><title>&#x00C1;reas Naturales Protegidas Estatales, Municipales, Ejidales y Privadas de M&#x00E9;xico 2015 </title><geoform>Shapefile. Formato vectorial compuesto por 8 archivos (dbf, prj, sbn, sbx, shp, shx, xml, cpg)</geoform><onlink>http://www.conabio.gob.mx/informacion/metadata/gis/anpest15gw.xml?_httpcache=yes&amp;_xsl=/db/metadata/xsl/fgdc_html.xsl&amp;_indent=no</onlink></citeinfo></citation><descript><abstract>Este mapa presenta las &#x00C1;reas Naturales Protegidas de tipo estatal, municipal, ejidal y privado de la Rep&#x00FA;blica Mexicana a diferentes escalas, las cuales fueron obtenidas mediante compilaci&#x00F3;n v&#x00ED;a web en diferentes Instituciones especializadas, adem&#x00E1;s de la solicitud directa a los gobiernos de los Estados; la informaci&#x00F3;n vectorial obtenida fue cotejada con los decretos oficiales de creaci&#x00F3;n y/o modificaci&#x00F3;n de cada ANP, disponibles en l&#x00ED;nea.</abstract><purpose>Contar con informaci&#x00F3;n de las &#x00C1;reas Naturales Protegidas a nivel estatal, municipal, ejidal y privadas en M&#x00E9;xico.</purpose><supplinf>Las &#x00C1;reas Naturales Protegidas son las zonas del territorio nacional en donde los ambientes originales no han sido significativamente alterados por la actividad del ser humano o que requieren ser preservadas y restauradas. Se crean mediante un decreto y las actividades que pueden llevarse a cabo en ellas se establecen de acuerdo con la Ley General del Equilibrio Ecol&#x00F3;gico y Protecci&#x00F3;n al Ambiente, su Reglamento, el programa de manejo y los programas de ordenamiento ecol&#x00F3;gico. Est&#x00E1;n sujetas a reg&#x00ED;menes especiales de protecci&#x00F3;n, conservaci&#x00F3;n, restauraci&#x00F3;n y desarrollo, seg&#x00FA;n categor&#x00ED;as establecidas en la Ley. En este mapa generado por una compilaci&#x00F3;n que llev&#x00F3; a cabo la CONABIO, no se tiene una escala como base debido a que la informaci&#x00F3;n se trabaj&#x00F3; a distintas escalas por parte de las fuentes. Referencias en la web: http://www.anpsestatales.mx/anps.php?tema=13; http://www.conacyt.gob.mx/cibiogem/index.php/anpl; http://www.participacionambiental.org.mx/WebANP1/bases.html; http://www.inecc.gob.mx/</supplinf></descript><timeperd><timeinfo><sngdate><caldate>00000000</caldate></sngdate></timeinfo><current>03/11/2014 al 14/10/2015</current></timeperd><status><progress>Complete</progress><update>Permanente y sistem&#x00E1;tico</update></status><spdom><bounding><westbc>-110.985176086426</westbc><eastbc>-86.7260971069336</eastbc><northbc>29.2747535705566</northbc><southbc>14.5249252319336</southbc></bounding></spdom><keywords><theme><themekt>CNB.ACCESO</themekt><themekey>publico</themekey></theme><theme><themekt>CNB.LICENCIA</themekt><themekey>CC_BY_NC_2.5_MX</themekey></theme><theme><themekt>CNB.VISIBILIDAD</themekt><themekey>0</themekey><themekey>10</themekey></theme><theme><themekt>ESTRUCTURA</themekt><themekey>region</themekey><themekey>biotic</themekey><themekey>anpest15gw</themekey></theme><theme><themekt>CNB.ESCALA</themekt><themekey>No conocido</themekey></theme><theme><themekt>CONABIO</themekt><themekey>ANP</themekey><themekey>Conservaci&#x00F3;n</themekey><themekey>Ejidal</themekey><themekey>Municipal</themekey><themekey>Zona</themekey><themekey>Parque</themekey><themekey>Estatal</themekey><themekey>P&#x00FA;blico</themekey><themekey>Privado</themekey><themekey>Reserva</themekey><themekey>&#x00C1;rea</themekey><themekey>Ecol&#x00F3;gica</themekey><themekey>2015</themekey></theme><place><placekt>CONABIO</placekt><placekey>Aguascalientes </placekey><placekey>Baja California</placekey><placekey>Baja California Sur</placekey><placekey>Campeche</placekey><placekey>Coahuila</placekey><placekey>Colima</placekey><placekey>Chiapas</placekey><placekey>Chihuahua</placekey><placekey>Distrito Federal</placekey><placekey>Durango</placekey><placekey>Guanajuato</placekey><placekey>Guerrero</placekey><placekey>Hidalgo</placekey><placekey>Jalisco</placekey><placekey>M&#x00E9;xico</placekey><placekey>Michoac&#x00E1;n</placekey><placekey>Morelos</placekey><placekey>Nayarit</placekey><placekey>Nuevo Le&#x00F3;n</placekey><placekey>Oaxaca</placekey><placekey>Puebla</placekey><placekey>Quer&#x00E9;taro</placekey><placekey>Quintana Roo</placekey><placekey>San Luis Potos&#x00ED;</placekey><placekey>Sinaloa</placekey><placekey>Sonora</placekey><placekey>Tabasco</placekey><placekey>Tamaulipas</placekey><placekey>Tlaxcala</placekey><placekey>Veracruz</placekey><placekey>Yucat&#x00E1;n</placekey><placekey>Zacatecas</placekey></place></keywords><accconst>Sin restricciones</accconst><useconst>No se permite utilizar estos datos con fines lucrativos y se debe citar la fuente del mapa y a CONABIO. Ver la licencia completa en http://creativecommons.org/licenses/by-nc/2.5/mx/</useconst><browse><browsen>http://www.conabio.gob.mx/informacion/gis/layouts/anpest15gw.png</browsen><browsed>Mapa ilustrativo de &#x00C1;reas Naturales Protegidas Estatales, Municipales, Ejidales y Privadas de M&#x00E9;xico 2015 . La proyecci&#x00F3;n citada, es exclusiva para el dise&#x00F1;o de esta imagen.</browsed><browset>png</browset></browse><native>ArcMap, ArcGIS ver. 10.3, Windows 7 Professional, Service Pack 1 a 64 bits</native></idinfo><dataqual><logic>Gabinete</logic><complete>Se realiz&#x00F3; una compilaci&#x00F3;n de pol&#x00ED;gonos de &#x00C1;reas Naturales Protegidas de tipo estatal, municipal, ejidal y privado de la Rep&#x00FA;blica Mexicana de diversas fuentes, se homogeneiz&#x00F3; la proyecci&#x00F3;n cartogr&#x00E1;fica, se estandariz&#x00F3; la estructura de la tabla de atributos, se captur&#x00F3; la base de datos con informaci&#x00F3;n que se obtuvo de los decretos o actualizaciones de decretos y finalmente se elabor&#x00F3; el mapa compilando toda la informaci&#x00F3;n.</complete><lineage><srcinfo><srccite><citeinfo><origin>No conocido</origin><pubdate>00000000</pubdate><title>No conocido</title><geoform>No conocido</geoform></citeinfo></srccite><srcscale>9999999</srcscale><typesrc>Digital</typesrc><srctime><timeinfo><sngdate><caldate>00000000</caldate></sngdate></timeinfo><srccurr>No conocido</srccurr></srctime><srccitea>No conocido</srccitea><srccontr>(2015/09/01), &apos;Decretos de las &#x00C1;reas Naturales Protegidas&apos;, 1, http://ecologia.guanajuato.gob.mx/sitio/areas-naturales-protegidas/areas-naturales-protegidas-anps http://areasnaturales.edomex.gob.mx http://copace.org http://eservicios.aguascalientes.gob.mx/servicios/periodicooficial2009 http://guerrero.gob.mx/gobierno/leyes-y-reglamentos http://intranet.e-hidalgo.gob.mx/NormatecaE/Inicio.taf http://legislacion.edomex.gob.mx http://celem.michoacan.gob.mx http://periodico.guanajuato.gob.mx http://periodico.hidalgo.gob.mx http://periodico.morelos.gob.mx http://periodicooficial.campeche.gob.mx http://periodicooficial.jalisco.gob.mx http://cgaj.tabasco.gob.mx/periodicos http://portal2.edomex.gob.mx/cepanaf/areas_naturales_protegidas/decretos http://sgg.slp.gob.mx/periodicocorr.nsf/Publicaciones%202?OpenPage http://segob.tabasco.gob.mx/periodicos_oficiales http://www.nl.gob.mx/file/77126/download?token=wN2hntCh http://transparencia.esonora.gob.mx/NR/rdonlyres/52D68C75-6F9C-427F-9593-FF6FA6F240E7/25069/DecretoEsterodelSoldado.pdf http://transparencia.qroo.gob.mx/portal/DoctosIndTemCen.php?Tipo=5 http://www.municipiodequeretaro.gob.mx/buscador.aspx?buscar=2005 http://www.cij-uaz.net/ http://periodico.sfpcoahuila.gob.mx/ http://www.consejeria.df.gob.mx/index.php/gaceta http://www.dof.gob.mx http://www.durango.gob.mx http://www.ecologiaysustentabilidad.oaxaca.gob.mx/?q=node/35 http://legislacion.edomex.gob.mx http://www.infopublica.oaxaca.gob.mx/fileUploadHelper/down?filetodownload=otros_1_1.pdf&amp;fraccion=fraccionii&amp;dependencia=80 http://laipsinaloa.gob.mx/index.php?option=com_jevents&amp;task=month.calendar&amp;Itemid=12&amp;catids=7 http://www.municipiodequeretaro.gob.mx/buscador.aspx?buscar=gaceta+2006 http://www.nl.gob.mx/aplicaciones/periodico-oficial-del-estado http://www.ordenjuridico.gob.mx http://www.periodicooficial.michoacan.gob.mx/periodico-oficial http://www.seduma.yucatan.gob.mx/areas-naturales/sanpy.php http://www.sema.gob.mx/DJ-ML-DECERTOS.html http://www.semahn.chiapas.gob.mx/portal/areas_naturalesprotegidas/fichas http://www.sgg.chiapas.gob.mx/periodicooficial http://www.sggnay.gob.mx/periodico_oficial http://www.sma.df.gob.mx/corena/index.php?option=com_content&amp;view=category&amp;id=38&amp;Itemid=84 http://www.yucatan.gob.mx/servicios/diario_oficial http://www2.inecc.gob.mx/publicaciones/descarga.html?cv_pub=360&amp;tipo_file=pdf&amp;filename=360 http://www2.queretaro.gob.mx/disco2/servicios/LaSombradeArteaga http://www.veracruz.gob.mx/medioambiente/espacios-naturales-protegidas, M&#x00E9;xico.</srccontr></srcinfo><srcinfo><srccite><citeinfo><origin>No conocido</origin><pubdate>00000000</pubdate><title>No conocido</title><geoform>No conocido</geoform></citeinfo></srccite><srcscale>9999999</srcscale><typesrc>Digital</typesrc><srctime><timeinfo><sngdate><caldate>00000000</caldate></sngdate></timeinfo><srccurr>No conocido</srccurr></srctime><srccitea>No conocido</srccitea><srccontr>RED ANP, (2014/01/01), &apos;&#x00C1;reas Naturales Protegidas: Pol&#x00ED;gonos de ANPS&apos;, 1, Red Nacional de Sistemas Estatales de &#x00C1;reas Naturales Protegidas, http://www.anpsestatales.mx/anps.php?tema=13, M&#x00E9;xico.</srccontr></srcinfo><srcinfo><srccite><citeinfo><origin>No conocido</origin><pubdate>00000000</pubdate><title>No conocido</title><geoform>No conocido</geoform></citeinfo></srccite><srcscale>9999999</srcscale><typesrc>Digital</typesrc><srctime><timeinfo><sngdate><caldate>00000000</caldate></sngdate></timeinfo><srccurr>No conocido</srccurr></srctime><srccitea>No conocido</srccitea><srccontr>RED ANP, (2014/01/01), &apos;&#x00C1;reas Naturales Protegidas: Decretos de ANPS&apos;, 1, Red Nacional de Sistemas Estatales de &#x00C1;reas Naturales Protegidas, http://www.anpsestatales.mx/anps.php?tema=3, M&#x00E9;xico.</srccontr></srcinfo><srcinfo><srccite><citeinfo><origin>No conocido</origin><pubdate>00000000</pubdate><title>No conocido</title><geoform>No conocido</geoform></citeinfo></srccite><srcscale>9999999</srcscale><typesrc>Digital</typesrc><srctime><timeinfo><sngdate><caldate>00000000</caldate></sngdate></timeinfo><srccurr>No conocido</srccurr></srctime><srccitea>No conocido</srccitea><srccontr>Gobierno del Estado de Nayarit, (2014/01/01), &apos;Las &#x00C1;reas Naturales Protegidas del Estado de Nayarit&apos;, 1, M&#x00E9;xico.</srccontr></srcinfo><srcinfo><srccite><citeinfo><origin>No conocido</origin><pubdate>00000000</pubdate><title>No conocido</title><geoform>No conocido</geoform></citeinfo></srccite><srcscale>9999999</srcscale><typesrc>Digital</typesrc><srctime><timeinfo><sngdate><caldate>00000000</caldate></sngdate></timeinfo><srccurr>No conocido</srccurr></srctime><srccitea>No conocido</srccitea><srccontr>Gobierno del Estado de Nuevo Le&#x00F3;n, (2014/01/01), &apos;Las &#x00C1;reas Naturales Protegidas del Estado de Nuevo Le&#x00F3;n.&apos;, 1, M&#x00E9;xico.</srccontr></srcinfo><srcinfo><srccite><citeinfo><origin>No conocido</origin><pubdate>00000000</pubdate><title>No conocido</title><geoform>No conocido</geoform></citeinfo></srccite><srcscale>9999999</srcscale><typesrc>Digital</typesrc><srctime><timeinfo><sngdate><caldate>00000000</caldate></sngdate></timeinfo><srccurr>No conocido</srccurr></srctime><srccitea>No conocido</srccitea><srccontr>Gobierno del Estado de Oaxaca, (2014/01/01), &apos;Las &#x00C1;reas Naturales Protegidas del Estado de Oaxaca.&apos;, 1, M&#x00E9;xico.</srccontr></srcinfo><srcinfo><srccite><citeinfo><origin>No conocido</origin><pubdate>00000000</pubdate><title>No conocido</title><geoform>No conocido</geoform></citeinfo></srccite><srcscale>9999999</srcscale><typesrc>Digital</typesrc><srctime><timeinfo><sngdate><caldate>00000000</caldate></sngdate></timeinfo><srccurr>No conocido</srccurr></srctime><srccitea>No conocido</srccitea><srccontr>Gobierno del Estado de Puebla, (2014/01/01), &apos;Las &#x00C1;reas Naturales Protegidas del Estado de Puebla&apos;, 1, M&#x00E9;xico.</srccontr></srcinfo><srcinfo><srccite><citeinfo><origin>No conocido</origin><pubdate>00000000</pubdate><title>No conocido</title><geoform>No conocido</geoform></citeinfo></srccite><srcscale>9999999</srcscale><typesrc>Digital</typesrc><srctime><timeinfo><sngdate><caldate>00000000</caldate></sngdate></timeinfo><srccurr>No conocido</srccurr></srctime><srccitea>No conocido</srccitea><srccontr>Gobierno del Estado de Tabasco, (2014/01/01), &apos;Las &#x00C1;reas Naturales Protegidas del Estado de Tabasco&apos;, 1, M&#x00E9;xico.</srccontr></srcinfo><srcinfo><srccite><citeinfo><origin>No conocido</origin><pubdate>00000000</pubdate><title>No conocido</title><geoform>No conocido</geoform></citeinfo></srccite><srcscale>9999999</srcscale><typesrc>Digital</typesrc><srctime><timeinfo><sngdate><caldate>00000000</caldate></sngdate></timeinfo><srccurr>No conocido</srccurr></srctime><srccitea>No conocido</srccitea><srccontr>CONACYT, CIBIOGEM, (2014/01/01), &apos;&#x00C1;reas Naturales Protegidas de competencia local&apos;, 1, Consejo Nacional de Ciencia y Tecnolog&#x00ED;a, Comisi&#x00F3;n Intersecretarial de Bioseguridad de los Organismos Gen&#x00E9;ticamente Modificados,  http://www.conacyt.gob.mx/cibiogem/index.php/anpl, M&#x00E9;xico.</srccontr></srcinfo><srcinfo><srccite><citeinfo><origin>No conocido</origin><pubdate>00000000</pubdate><title>No conocido</title><geoform>No conocido</geoform></citeinfo></srccite><srcscale>9999999</srcscale><typesrc>Digital</typesrc><srctime><timeinfo><sngdate><caldate>00000000</caldate></sngdate></timeinfo><srccurr>No conocido</srccurr></srctime><srccitea>No conocido</srccitea><srccontr>Participaci&#x00F3;n Ambiental, (2014/01/01), &apos;&#x00C1;reas Naturales Protegidas Estatales, del Distrito Federal y Municipales de M&#x00E9;xico&apos;, 1, http://www.participacionambiental.org.mx/WebANP1/bases.html, M&#x00E9;xico.</srccontr></srcinfo><srcinfo><srccite><citeinfo><origin>No conocido</origin><pubdate>00000000</pubdate><title>No conocido</title><geoform>No conocido</geoform></citeinfo></srccite><srcscale>9999999</srcscale><typesrc>Digital</typesrc><srctime><timeinfo><sngdate><caldate>00000000</caldate></sngdate></timeinfo><srccurr>No conocido</srccurr></srctime><srccitea>No conocido</srccitea><srccontr>INE, (2001/03/01), &apos;&#x00C1;reas Naturales Protegidas de M&#x00E9;xico con decretos estatales Volumen 2&apos;, 1, Instituto Nacional de Ecolog&#x00ED;a, http://www2.inecc.gob.mx/publicaciones/descarga.html?cv_pub=360&amp;tipo_file=pdf&amp;filename=360, M&#x00E9;xico.</srccontr></srcinfo><srcinfo><srccite><citeinfo><origin>No conocido</origin><pubdate>00000000</pubdate><title>No conocido</title><geoform>No conocido</geoform></citeinfo></srccite><srcscale>9999999</srcscale><typesrc>Digital</typesrc><srctime><timeinfo><sngdate><caldate>00000000</caldate></sngdate></timeinfo><srccurr>No conocido</srccurr></srctime><srccitea>No conocido</srccitea><srccontr>Gobierno del Estado de Coahuila, (2014/01/01), &apos;Las &#x00C1;reas Naturales Protegidas del Estado de Coahuila&apos;, 1, M&#x00E9;xico.</srccontr></srcinfo><srcinfo><srccite><citeinfo><origin>No conocido</origin><pubdate>00000000</pubdate><title>No conocido</title><geoform>No conocido</geoform></citeinfo></srccite><srcscale>9999999</srcscale><typesrc>Digital</typesrc><srctime><timeinfo><sngdate><caldate>00000000</caldate></sngdate></timeinfo><srccurr>No conocido</srccurr></srctime><srccitea>No conocido</srccitea><srccontr>Gobierno del Estado de Guerrero, (2014/01/01), &apos;Las &#x00C1;reas Naturales Protegidas del Estado de Guerrero&apos;, 1, M&#x00E9;xico.</srccontr></srcinfo><srcinfo><srccite><citeinfo><origin>No conocido</origin><pubdate>00000000</pubdate><title>No conocido</title><geoform>No conocido</geoform></citeinfo></srccite><srcscale>9999999</srcscale><typesrc>Digital</typesrc><srctime><timeinfo><sngdate><caldate>00000000</caldate></sngdate></timeinfo><srccurr>No conocido</srccurr></srctime><srccitea>No conocido</srccitea><srccontr>Gobierno del Estado de Hidalgo, (2014/01/01), &apos;Las &#x00C1;reas Naturales Protegidas del Estado de Hidalgo&apos;, 1, M&#x00E9;xico.</srccontr></srcinfo><srcinfo><srccite><citeinfo><origin>No conocido</origin><pubdate>00000000</pubdate><title>No conocido</title><geoform>No conocido</geoform></citeinfo></srccite><srcscale>9999999</srcscale><typesrc>Digital</typesrc><srctime><timeinfo><sngdate><caldate>00000000</caldate></sngdate></timeinfo><srccurr>No conocido</srccurr></srctime><srccitea>No conocido</srccitea><srccontr>Gobierno del Estado de Morelos, (2014/01/01), &apos;Las &#x00C1;reas Naturales Protegidas del Estado de Morelos&apos;, 1, M&#x00E9;xico.</srccontr></srcinfo><srcinfo><srccite><citeinfo><origin>No conocido</origin><pubdate>00000000</pubdate><title>No conocido</title><geoform>No conocido</geoform></citeinfo></srccite><srcscale>9999999</srcscale><typesrc>Digital</typesrc><srctime><timeinfo><sngdate><caldate>00000000</caldate></sngdate></timeinfo><srccurr>No conocido</srccurr></srctime><srccitea>No conocido</srccitea><srccontr>Gobierno del estado de Durango, (2014/01/01), &apos;Las &#x00C1;reas Naturales Protegidas del Estado de Durango&apos;, 1, M&#x00E9;xico.</srccontr></srcinfo><procstep><procdesc>1. Se realiz&#x00F3; la b&#x00FA;squeda de informaci&#x00F3;n vectorial para la localizaci&#x00F3;n de las ANP's de cada entidad de la Rep&#x00FA;blica Mexicana en diversas fuentes: Participaci&#x00F3;n Ambiental, Red Nacional de Sistemas Estatales de &#x00C1;reas Naturales Protegidas y CIBIOGEM, las cuales no cuentan con informaci&#x00F3;n de todas las entidades federativas. 2. Con el fin de complementar la informaci&#x00F3;n que no se encontr&#x00F3; v&#x00ED;a web, la Comisi&#x00F3;n Nacional para el Conocimiento y Uso de la Biodiversidad (CONABIO) solicit&#x00F3; a los gobiernos de los estados de Coahuila, Durango, Guerrero, Hidalgo, Morelos, Nayarit, Nuevo Le&#x00F3;n, Oaxaca, Puebla y Tabasco la informaci&#x00F3;n referente a las ANP's. 3. En el caso de las ANP's del estado de Tabasco, los pol&#x00ED;gonos se construyeron en ArcMap a partir de las coordenadas que proporcion&#x00F3; el gobierno del estado. 4. Una vez que se obtuvieron los pol&#x00ED;gonos de las ANP's de todas las entidades, se revis&#x00F3; la geometr&#x00ED;a y se unific&#x00F3; la informaci&#x00F3;n al Sistema de Referencia de Coordenadas Geogr&#x00E1;ficas con elipsoide y Datum WGS 1984. 5. Se realiz&#x00F3; la integraci&#x00F3;n de todos los pol&#x00ED;gonos en una base de datos geoespacial, por medio de ArcMap en un archivo shapefile. Esto para unificar criterios en la base de datos y cotejar la informaci&#x00F3;n de la fuente con el decreto. 6. Se efectu&#x00F3; la b&#x00FA;squeda en l&#x00ED;nea de los decretos de creaci&#x00F3;n de ANP y modificaci&#x00F3;n en caso de existir alguna. El enlace de referencia se encuentra ligado a cada ANP en la base de datos del shapefile. 7. Se verific&#x00F3; la geometr&#x00ED;a y decreto de creaci&#x00F3;n o modificaci&#x00F3;n de cada ANP y se realizaron los siguientes cambios, seg&#x00FA;n el caso: -Los parques urbanos representados como pol&#x00ED;gonos circulares se eliminaron por no representar un &#x00E1;rea real; ya que fueron generados a partir de un buffer o zona de influencia a una localidad o rasgo puntual. -En el caso de las ANP's con varios pol&#x00ED;gonos y donde se pod&#x00ED;an identificar sus subcategor&#x00ED;as o nombre de pol&#x00ED;gonos se conservaron como un registro individual, aunque se mantienen con el nombre de la ANP que los contiene. Las ANP's que est&#x00E1;n conformadas por m&#x00E1;s de un pol&#x00ED;gono y en el decreto no se hace referencia a una subcategor&#x00ED;a o diferenciaci&#x00F3;n de pol&#x00ED;gonos, se unieron para conformar un solo registro de dicha ANP. -Los pol&#x00ED;gonos de ANP's que se encontraban sobrepuestos, fueron cortados en la superposici&#x00F3;n para mostrar &#x00FA;nicamente la superficie de cada una conforme al decreto. 8. La informaci&#x00F3;n cotejada con los decretos de creaci&#x00F3;n o modificaci&#x00F3;n fue el nombre, tipo, fecha, categor&#x00ED;a, subcategor&#x00ED;a, nombre de pol&#x00ED;gono, municipios y superficie. En caso de no disponer del decreto en l&#x00ED;nea, en el campo OBSERVA se agregaron los datos de referencia de la fuente original, de art&#x00ED;culos u otros documentos oficiales.</procdesc><procdate>00000000</procdate></procstep></lineage></dataqual><spdoinfo><direct>Vector</direct><ptvctinf><sdtsterm ><sdtstype>G-polygon</sdtstype><ptvctcnt>495</ptvctcnt></sdtsterm></ptvctinf></spdoinfo><spref><horizsys><geograph><latres>0.0174532925199433</latres><longres>0.0174532925199433</longres><geogunit>Decimal degrees</geogunit></geograph><geodetic><horizdn>WGS84</horizdn><ellips>WGS84</ellips><semiaxis>6378137.000000</semiaxis><denflat>298.257224</denflat></geodetic></horizsys></spref><eainfo><detailed><enttyp><enttypl>ANPEST15GW.DBF</enttypl><enttypd>La tabla contiene la informaci&#x00F3;n de cada &#x00C1;rea Natural Protegida conforme al decreto de creaci&#x00F3;n o modificaci&#x00F3;n, as&#x00ED; como la superficie y per&#x00ED;metro calculados en ArcMap, fuente del pol&#x00ED;gono de cada ANP, observaciones con datos complementarios y v&#x00ED;nculos web de donde se obtuvieron los decretos.</enttypd><enttypds>No conocido</enttypds></enttyp><attr><attrlabl>NOMBRE</attrlabl><attrdef>Car&#x00E1;cter</attrdef><attrdefs>Comisi&#x00F3;n Nacional para el Conocimiento y Uso de la Biodiversidad (CONABIO)</attrdefs><attrdomv><udom>Nombre del &#x00C1;rea Natural Protegida de acuerdo con su decreto de creaci&#x00F3;n o &#x00FA;ltima modificaci&#x00F3;n.</udom></attrdomv></attr><attr><attrlabl>TIPO</attrlabl><attrdef>Car&#x00E1;cter</attrdef><attrdefs>Comisi&#x00F3;n Nacional para el Conocimiento y Uso de la Biodiversidad (CONABIO)</attrdefs><attrdomv><udom>Tipo de administraci&#x00F3;n del ANP con base en el decreto de creaci&#x00F3;n o &#x00FA;ltima modificaci&#x00F3;n.</udom></attrdomv></attr><attr><attrlabl>ULT_DEC</attrlabl><attrdef>Car&#x00E1;cter</attrdef><attrdefs>Comisi&#x00F3;n Nacional para el Conocimiento y Uso de la Biodiversidad (CONABIO)</attrdefs><attrdomv><udom>Fecha de decreto de creaci&#x00F3;n del ANP o su &#x00FA;ltima modificaci&#x00F3;n.</udom></attrdomv></attr><attr><attrlabl>CAT_DEC</attrlabl><attrdef>Car&#x00E1;cter</attrdef><attrdefs>Comisi&#x00F3;n Nacional para el Conocimiento y Uso de la Biodiversidad (CONABIO)</attrdefs><attrdomv><udom>Categor&#x00ED;a de manejo del ANP con base en el decreto de creaci&#x00F3;n o &#x00FA;ltima modificaci&#x00F3;n.</udom></attrdomv></attr><attr><attrlabl>SUB_CATEGO</attrlabl><attrdef>Car&#x00E1;cter</attrdef><attrdefs>Comisi&#x00F3;n Nacional para el Conocimiento y Uso de la Biodiversidad (CONABIO)</attrdefs><attrdomv><udom>Subcategor&#x00ED;a de manejo de la ANP, con base en el decreto de creaci&#x00F3;n o &#x00FA;ltima modificaci&#x00F3;n.</udom></attrdomv></attr><attr><attrlabl>NOM_POL</attrlabl><attrdef>Car&#x00E1;cter</attrdef><attrdefs>Comisi&#x00F3;n Nacional para el Conocimiento y Uso de la Biodiversidad (CONABIO)</attrdefs><attrdomv><udom>Nombre de los pol&#x00ED;gonos que conforman el ANP, con base en el decreto de creaci&#x00F3;n o &#x00FA;ltima modificaci&#x00F3;n.</udom></attrdomv></attr><attr><attrlabl>ENTIDAD</attrlabl><attrdef>Car&#x00E1;cter</attrdef><attrdefs>Comisi&#x00F3;n Nacional para el Conocimiento y Uso de la Biodiversidad (CONABIO)</attrdefs><attrdomv><udom>Nombre de la entidad federativa donde se ubica el ANP, con base en el decreto de creaci&#x00F3;n o &#x00FA;ltima modificaci&#x00F3;n.</udom></attrdomv></attr><attr><attrlabl>MUN_DEC</attrlabl><attrdef>Car&#x00E1;cter</attrdef><attrdefs>Comisi&#x00F3;n Nacional para el Conocimiento y Uso de la Biodiversidad (CONABIO)</attrdefs><attrdomv><udom>Nombre de los municipios donde se ubica el ANP, con base en el decreto de creaci&#x00F3;n o &#x00FA;ltima modificaci&#x00F3;n.</udom></attrdomv></attr><attr><attrlabl>SUPHA_DEC</attrlabl><attrdef>Car&#x00E1;cter</attrdef><attrdefs>Comisi&#x00F3;n Nacional para el Conocimiento y Uso de la Biodiversidad (CONABIO)</attrdefs><attrdomv><udom>Superficie del ANP, con base en el decreto de creaci&#x00F3;n o &#x00FA;ltima modificaci&#x00F3;n.</udom></attrdomv><attrvai><attrva>1</attrva><attrvae>Hect&#x00E1;reas</attrvae></attrvai></attr><attr><attrlabl>AREA</attrlabl><attrdef>Num&#x00E9;rico</attrdef><attrdefs>Calculado por ArcMap Vr.10.3</attrdefs><attrdomv><udom>Superficie del pol&#x00ED;gono calculada en hect&#x00E1;reas.</udom></attrdomv><attrvai><attrva>1</attrva><attrvae>Grados decimales al cuadrado</attrvae></attrvai></attr><attr><attrlabl>PERIMETRO</attrlabl><attrdef>Num&#x00E9;rico</attrdef><attrdefs>Calculado por ArcMap Vr.10.3</attrdefs><attrdomv><udom>Per&#x00ED;metro del pol&#x00ED;gono calculado en metros.</udom></attrdomv><attrvai><attrva>1</attrva><attrvae>Metros</attrvae></attrvai></attr><attr><attrlabl>FUENTE</attrlabl><attrdef>Car&#x00E1;cter</attrdef><attrdefs>Gobierno del Estado, CIBIOGEM, Red Nacional de Sistemas Estatales de ANP, o Participaci&#x00F3;n Ambiental</attrdefs><attrdomv><udom>Fuente de donde se obtuvo el pol&#x00ED;gono del ANP.</udom></attrdomv></attr><attr><attrlabl>OBSERVA</attrlabl><attrdef>Car&#x00E1;cter</attrdef><attrdefs>Comisi&#x00F3;n Nacional para el Conocimiento y Uso de la Biodiversidad (CONABIO)</attrdefs><attrdomv><udom>Informaci&#x00F3;n sobre el ANP que no cuenta con un decreto oficial disponible en l&#x00ED;nea, sin embargo se encuentran los datos de referencia en art&#x00ED;culos u otros documentos.</udom></attrdomv></attr><attr><attrlabl>ENLACE_DEC</attrlabl><attrdef>Car&#x00E1;cter</attrdef><attrdefs>Comisi&#x00F3;n Nacional para el Conocimiento y Uso de la Biodiversidad (CONABIO)</attrdefs><attrdomv><udom>P&#x00E1;gina web del decreto de creaci&#x00F3;n o &#x00FA;ltima modificaci&#x00F3;n.</udom></attrdomv></attr></detailed></eainfo><distinfo><distrib><cntinfo><cntorgp><cntorg>CONABIO</cntorg><cntper>Jose Manuel Davila Rosas</cntper></cntorgp><cntpos>Subdirector de Sistemas de Informaci&#x00F3;n Geogr&#x00E1;fica</cntpos><cntaddr><addrtype>mailing and physical address</addrtype><address>Liga Perif&#x00E9;rico Insurgentes Sur Num. 4903 1er piso. Col. Parques del Pedregal. Delg. Tlalpan</address><city>Ciudad de M&#x00E9;xico</city><state>D.F.</state><postal>14010</postal><country>M&#x00E9;xico</country></cntaddr><cntvoice>50045012</cntvoice><cntfax>50044931</cntfax><cntemail>jdavila@conabio.gob.mx</cntemail><hours>Lunes a Viernes de 8 a 18 hrs.</hours></cntinfo></distrib><resdesc>anpest15gw</resdesc><distliab>La Subdirecci&#x00F3;n de Sistemas de Informaci&#x00F3;n Geogr&#x00E1;fica de la CONABIO solo se hace responsable de la informaci&#x00F3;n presentada en el mapa y se deslinda del uso que se le de a la misma.</distliab><stdorder><digform><digtinfo><formname>ESRI Shapefile (SHP)</formname><formverd>199807</formverd><filedec>compactado en ZIP</filedec><transize>3.25</transize></digtinfo><digtopt><onlinopt><computer><networka><networkr> http://www.conabio.gob.mx/informacion/gis/maps/geo/anpest15gw.zip</networkr></networka></computer><accinstr>Coordenadas geogr&#x00E1;ficas WGS84. (EPSG:4326). Formato vectorial de almacenamiento de elementos geogr&#x00E1;ficos y sus atributos asociados. </accinstr></onlinopt></digtopt></digform><digform><digtinfo><formname>Google Earth (KML)</formname><formvern>2.2</formvern><filedec>compactado como KMZ</filedec></digtinfo><digtopt><onlinopt><computer><networka><networkr> http://www.conabio.gob.mx/informacion/gis/maps/kmz/anpest15gw.kmz</networkr></networka></computer><accinstr>Coordenadas geogr&#x00E1;ficas WGS84. (EPSG:4326). Los archivos KML representan datos geogr&#x00E1;ficos para Google Earth, a menudo suelen distribuirse comprimidos como KMZ.</accinstr></onlinopt></digtopt></digform><digform><digtinfo><formname>CNB.GEO.TMS</formname><formvern>1.0.0</formvern><formspec>PNG</formspec></digtinfo><digtopt><onlinopt><computer><networka><networkr>http://wms0.conabio.gob.mx/anpest15gw.py/</networkr><networkr>http://wms1.conabio.gob.mx/anpest15gw.py/</networkr><networkr>http://wms2.conabio.gob.mx/anpest15gw.py/</networkr></networka></computer></onlinopt></digtopt></digform><digform><digtinfo><formname>Servicio de im&#x00E1;genes (WMS)</formname><formvern>1.1.1</formvern></digtinfo><digtopt><onlinopt><computer><networka><networkr>http://www.conabio.gob.mx/informacion/explorer/wms?Format=image/gif&amp;request=GetMap&amp;version=1.1.1&amp;width=800&amp;height=424&amp;srs=EPSG:4326&amp;bbox=-120.0,13.8,-85.1,33.5&amp;layers=anpest15gw</networkr></networka></computer><accinstr>Coordenadas geogr&#x00E1;ficas WGS84. (EPSG:4326). Servicio Web Map Service. Los mapas de datos referenciados espacialmente producidos se generan normalmente en un formato de imagen como PNG, GIF o JPEG, pueden se vistos en un SIG </accinstr></onlinopt></digtopt></digform><digform><digtinfo><formname>Mapa digital interactivo</formname><formvern>1.0</formvern></digtinfo><digtopt><onlinopt><computer><networka><networkr>http://www.conabio.gob.mx/informacion/gis/?vns=gis_root/region/biotic/anpest15gw</networkr></networka></computer><accinstr>Coordenadas geogr&#x00E1;ficas WGS84. (EPSG:4326)</accinstr></onlinopt></digtopt></digform><fees>Acceso libre sin ning&#x00FA;n cargo al p&#x00FA;blico en general.</fees></stdorder><techpreq>Tener sistemas compatibles con archivos Shapefile, en caso que existan se pueden visualizar en Google Earth KML y/o conexi&#x00F3;n al servicio WMS.</techpreq></distinfo><metainfo><metd>20151019</metd><metc><cntinfo><cntorgp><cntorg>CONABIO</cntorg><cntper>Verena Ekaterina Ben&#x00ED;tez Ram&#x00ED;rez</cntper></cntorgp><cntpos>Administrador de Metadatos</cntpos><cntaddr><addrtype>mailing and physical address</addrtype><address>Liga Perif&#x00E9;rico Insurgentes Sur Num. 4903 1er piso. Col. Parques del Pedregal. Delg. Tlalpan</address><city>Ciudad de M&#x00E9;xico</city><state>D.F.</state><postal>14010</postal><country>M&#x00E9;xico</country></cntaddr><cntvoice>01 55 5004 4964</cntvoice><cntfax>50044931</cntfax><cntemail>vbenitez@conabio.gob.mx</cntemail><hours>Lunes a Viernes de 8 a 18 hrs.</hours></cntinfo></metc><metstdn>FGDC Content Standards for Digital Geospatial Metadata, 1998</metstdn><metstdv>FGDC-STD-001-1998 version 2.0</metstdv></metainfo></metadata>