<?xml version="1.0" encoding="UTF-8"?><metadata xmlns:xsi="http://www.w3.org/2001/XMLSchema-instance" xsi:noNamespaceSchemaLocation="http://www.conabio.gob.mx/informacion/gis/schemas/fgdc/fgdc-std-001-1998.xsd"><idinfo><citation><citeinfo><origin>CONANP, (00/05/2023). &apos;&#x00C1;reas Naturales Protegidas Federales de M&#x00E9;xico, mayo 2023&apos;, Comisi&#x00F3;n Nacional de &#x00C1;reas Naturales Protegidas. Ciudad de M&#x00E9;xico. </origin><pubdate>20230719</pubdate><title>&#x00C1;reas Naturales Protegidas Federales de M&#x00E9;xico, mayo 2023</title><geoform>Shapefile. Formato vectorial compuesto por 4 archivos (shp, shx, dbf,prj)</geoform><onlink>http://geoportal.conabio.gob.mx/metadatos/doc/html/anpmay2023gw.html</onlink></citeinfo></citation><descript><abstract>Datos espaciales de las &#x00C1;reas Naturales Protegidas Federales de la Rep&#x00FA;blica Mexicana construidos en apego a su Decreto de creaci&#x00F3;n publicado en el Diario Oficial de la Federaci&#x00F3;n. Manejo de datos espaciales con herramientas de los Sistemas de Informaci&#x00F3;n Geogr&#x00E1;fica de la Comisi&#x00F3;n Nacional de &#x00C1;reas Naturales Protegidas.</abstract><purpose>El objetivo principal de este producto es dar a conocer a las Unidades de Estado, Estancias del PoderJudicial, Instancias del Gobiernos en sus tres niveles, Instituciones de Investigaci&#x00F3;n, Instituciones educativas, as&#x00ED; como al p&#x00FA;blico en general, la ubicaci&#x00F3;n y delimitaci&#x00F3;n de las 185 &#x00C1;reas Naturales Protegidas competencia de laFederaci&#x00F3;n de acuerdo con el Articulo 46 de la Ley General del Equilibrio Ecol&#x00F3;gico y la Protecci&#x00F3;n al Ambiente, en las que se incluyen Reservas de la biosfera (RB), Parques nacionales (PN), Monumentos naturales (MN), &#x00C1;reas de protecci&#x00F3;n de recursos naturales (APRN), &#x00C1;reas de protecci&#x00F3;n de flora y fauna (APFF) y Santuarios (SANT). Esta informaci&#x00F3;n es de suma importancia para el desarrollo de material educativo en materia ambiental, planeaci&#x00F3;n de proyectos de investigaci&#x00F3;n y restauraci&#x00F3;n, as&#x00ED; como en la toma de decisiones en planeaci&#x00F3;n territorial y urbana.</purpose><supplinf>Se anexa la nueva &#x00E1;rea natural protegida &apos;Pe&#x00F1;a Colorada&apos; con el car&#x00E1;cter de &#x00E1;rea de protecci&#x00F3;n de recursos naturales, la superficie de 4,843-59-73.12 hect&#x00E1;reas de la zona conocida como Pe&#x00F1;a Colorada, en los municipios de Quer&#x00E9;taro y El Marqu&#x00E9;s, en el estado de Quer&#x00E9;taro. Referencias en la web: http://sig.conanp.gob.mx/website/pagsig/info_shape.htm</supplinf></descript><timeperd><timeinfo><sngdate><caldate>00000000</caldate></sngdate></timeinfo><current>mayo 2023</current></timeperd><status><progress>Complete</progress><update>Continuamente</update></status><spdom><bounding><westbc>-118.634376195855</westbc><eastbc>-85.3972318682746</eastbc><northbc>32.4833333334411</northbc><southbc>11.9685993206964</southbc></bounding></spdom><keywords><theme><themekt>CNB.ACCESO</themekt><themekey>publico</themekey></theme><theme><themekt>CNB.LICENCIA</themekt><themekey>CC_BY_NC_2.5_MX</themekey></theme><theme><themekt>CNB.VISIBILIDAD</themekt><themekey>0</themekey><themekey>10</themekey></theme><theme><themekt>ESTRUCTURA</themekt><themekey>region</themekey><themekey>biotic</themekey><themekey>anpmay2023gw</themekey></theme><theme><themekt>CNB.ESCALA</themekt><themekey>No conocido</themekey></theme><theme><themekt>CONABIO</themekt><themekey>&#x00C1;rea de Protecci&#x00F3;n de Flora y Fauna</themekey><themekey>2023</themekey><themekey>&#x00C1;rea de Protecci&#x00F3;n de los Recursos Naturales</themekey><themekey>&#x00C1;rea Natural Protegida</themekey><themekey>Categor&#x00ED;a de decreto</themekey><themekey>Categor&#x00ED;a de manejo</themekey><themekey>Decreto</themekey><themekey>Monumento Natural</themekey><themekey>mayo</themekey><themekey>Parque Nacional</themekey><themekey>Reserva de la Biosfera</themekey><themekey>Santuario</themekey></theme><place><placekt>CONABIO</placekt><placekey>Rep&#x00FA;blica Mexicana</placekey></place></keywords><accconst>Sin restricciones</accconst><useconst>No se permite utilizar estos datos con fines lucrativos y se debe citar la fuente del mapa y a CONABIO. Ver la licencia completa en http://creativecommons.org/licenses/by-nc/2.5/mx/</useconst><browse><browsen>http://www.conabio.gob.mx/informacion/gis/layouts/anpmay2023gw.png</browsen><browsed>Mapa ilustrativo de &#x00C1;reas Naturales Protegidas Federales de M&#x00E9;xico, mayo 2023. La proyecci&#x00F3;n citada, es exclusiva para el dise&#x00F1;o de esta imagen.</browsed><browset>png</browset></browse><native>Arcgis 10.x, Hojas de c&#x00E1;lculo Microsoft Excel Office 365, QGIS, Visual Studio Code, PC de Escritorio procesador Intel Core i9-99000K, 16 GB de memoria RAM, tarjeta de video NVIDIA Quadro P2000, Windows</native></idinfo><dataqual><logic>Gabinete</logic><complete>Es importante se&#x00F1;alar que para el establecimiento de una &#x00C1;rea Natural Protegida Federal deben realizarse estudios de campo y la delimitaci&#x00F3;n de sus v&#x00E9;rtices se realiza con la ayuda de geoposicionadores. En gabinete es elaborada la descripci&#x00F3;n lim&#x00ED;trofe anal&#x00ED;tica-topogr&#x00E1;fica que posteriormente ser&#x00E1; expresada mediante un decreto presidencial que las delimita. La informaci&#x00F3;n aqu&#x00ED; presentada se elabor&#x00F3; tomando como base informaci&#x00F3;n del INEGI y que ha desarrollado la CONANP empleando el SIG</complete><lineage><procstep><procdesc>1.Publicaci&#x00F3;n del Decreto de Creaci&#x00F3;n de &#x00C1;reas Naturales Protegidas en el diario Oficial de la Federaci&#x00F3;n (DOF): A partir de una propuesta de &#x00C1;rea Natural Protegida se genera la informaci&#x00F3;n que estar&#x00E1; contenida en el Decreto de Creaci&#x00F3;n que en su Art&#x00ED;culo primero describe la ubicaci&#x00F3;n y los l&#x00ED;mites de la nueva &#x00E1;rea, indicando el Datum Horizontal, Esferoide de Referencia y el cuadro de construcci&#x00F3;n con rumbos y distancias de cada uno de los v&#x00E9;rtices del pol&#x00ED;gono. 2. Captura de los Cuadros de Construcci&#x00F3;n contenidos en el Art&#x00ED;culo Primero del Decreto Una vez publicado el decreto, personal de la Subdirecci&#x00F3;n encargada de Geom&#x00E1;tica de la Direcci&#x00F3;n de Evaluaci&#x00F3;n y Seguimiento de la CONANP comienzan la captura de los cuadros de construcci&#x00F3;n en hojas de c&#x00E1;lculo de Excel y se procesan ArcGIS (Sistema de Informaci&#x00F3;n Geogr&#x00E1;fica). 3. Construcci&#x00F3;n de los Pol&#x00ED;gonos descritos con Sistemas de Informaci&#x00F3;n Geogr&#x00E1;fica El ArcGIS se construyen los pol&#x00ED;gonos de la ubicaci&#x00F3;n y delimitaci&#x00F3;n de las &#x00E1;reas decretadas y de ser necesario las zonas n&#x00FA;cleo en su interior, de acuerdo con las especificaciones descritas en el articulo primero del Decreto y se calcula la superficie, con un formato shapefile. 4. Unificaci&#x00F3;n de los Datos Geoespaciales con el nuevo pol&#x00ED;gono del &#x00E1;rea decretada Una vez construidos los pol&#x00ED;gonos de ubicaci&#x00F3;n y delimitaci&#x00F3;n de las &#x00E1;reas decretadas, se homologa su tabla de atributos con la del Shapefile general de las &#x00E1;reas naturales protegidas, para que contenga los datos siguientes &apos;ID del ANP&apos;, &apos;Nombre del ANP&apos;, &apos;Categor&#x00ED;a de Decreto&apos;, &apos;Categor&#x00ED;a de Manejo&apos;, &apos;Estados en los que se encuentra el ANP&apos; , &apos;Municipios en los que se encuentra el ANP&apos;, &apos;Regi&#x00F3;n de Administraci&#x00F3;n Regional de CONANP&apos;, &apos;Superficie Total&apos;, &apos;Superficie de su porci&#x00F3;n Terrestre&apos;, &apos;Superficie de su porci&#x00F3;n Marina&apos;, &apos;Fecha de su primer Decreto&apos; , &apos;Fecha de modificaci&#x00F3;n del Decreto&apos;, &apos;Fecha de Publicaci&#x00F3;n de su Resumen de Programa de Manejo&apos;, &apos;Si se encuentra dentro o no del Sistema Nacional de &#x00C1;reas Naturales Protegidas&apos;. Posteriormente se integra el nuevo pol&#x00ED;gono al shapefile general. 5. Publicaci&#x00F3;n y distribuci&#x00F3;n de los datos en los medios de difusi&#x00F3;n electr&#x00F3;nica. Una vez integrado el shapefile general de las &#x00E1;reas naturales protegidas de M&#x00E9;xico se ponen a disposici&#x00F3;n del p&#x00FA;blico en general a trav&#x00E9;s del portal web http://sig.conanp.gob.mx/website/pagsig/ en el apartado de Informaci&#x00F3;n Espacial.</procdesc><procdate>00000000</procdate></procstep></lineage></dataqual><spdoinfo><direct>Vector</direct><ptvctinf><sdtsterm ><sdtstype>G-polygon</sdtstype><ptvctcnt>187</ptvctcnt></sdtsterm></ptvctinf></spdoinfo><spref><horizsys><geograph><latres>0.0174532925199433</latres><longres>0.0174532925199433</longres><geogunit>Decimal degrees</geogunit></geograph><geodetic><horizdn>WGS84</horizdn><ellips>WGS84</ellips><semiaxis>6378137.000000</semiaxis><denflat>298.257224</denflat></geodetic></horizsys></spref><eainfo><detailed><enttyp><enttypl>ANPMAY2023GW.DBF</enttypl><enttypd>Describe los atributos de las &#x00C1;reas Naturales Protegidas Federales.</enttypd><enttypds>No conocido</enttypds></enttyp><attr><attrlabl>PRIM_DEC</attrlabl><attrdef>Num&#x00E9;rico</attrdef><attrdefs>Primer decreto Oficial</attrdefs><attrdomv><udom>Fecha de la primera publicaci&#x00F3;n en el DOF</udom></attrdomv><attrvai><attrva>1</attrva><attrvae>No aplica</attrvae></attrvai></attr><attr><attrlabl>REGION</attrlabl><attrdef>Car&#x00E1;cter</attrdef><attrdefs>CONANP</attrdefs><attrdomv><udom>Regionalizaci&#x00F3;n de la CONANP</udom></attrdomv><attrvai><attrva>1</attrva><attrvae>No aplica</attrvae></attrvai></attr><attr><attrlabl>S_MARINA</attrlabl><attrdef>Num&#x00E9;rico</attrdef><attrdefs>CONANP</attrdefs><attrdomv><udom>Superficie marina en hect&#x00E1;reas, decretada y calculada</udom></attrdomv><attrvai><attrva>1</attrva><attrvae>Hect&#x00E1;reas</attrvae></attrvai></attr><attr><attrlabl>S_TERRES</attrlabl><attrdef>Num&#x00E9;rico</attrdef><attrdefs>CONANP</attrdefs><attrdomv><udom>Superficie terrestre en hect&#x00E1;reas, decretada y calculada</udom></attrdomv><attrvai><attrva>1</attrva><attrvae>Hect&#x00E1;reas</attrvae></attrvai></attr><attr><attrlabl>SINAP</attrlabl><attrdef>Car&#x00E1;cter</attrdef><attrdefs>CONANP</attrdefs><attrdomv><udom>Registro en el Sistema Nacional de &#x00C1;reas Protegidas (SINAP)</udom></attrdomv><attrvai><attrva>1</attrva><attrvae>No aplica</attrvae></attrvai></attr><attr><attrlabl>SUPERFICIE</attrlabl><attrdef>Num&#x00E9;rico</attrdef><attrdefs>CONANP</attrdefs><attrdomv><udom>Superficie total en hect&#x00E1;reas, decretada y calculada.</udom></attrdomv><attrvai><attrva>1</attrva><attrvae>Hect&#x00E1;reas</attrvae></attrvai></attr><attr><attrlabl>CAT_MANEJO</attrlabl><attrdef>Car&#x00E1;cter</attrdef><attrdefs>	Ley General del Equilibrio Ecol&#x00F3;gico y Protecci&#x00F3;n al Ambiente, T&#x00ED;tulo II, Cap1. / 	Ley General del Equilibrio Ecol&#x00F3;gico y Protecci&#x00F3;n al Ambiente, T&#x00ED;tulo II, Cap1. / Diario Oficial de la Federaci&#x00F3;n</attrdefs><attrdomv><udom>Categor&#x00ED;a que define al ANP por su vocaci&#x00F3;n y caracter&#x00ED;sticas, de acuerdo a las modificaciones realizadas en la LGEEPA</udom></attrdomv><attrvai><attrva>1</attrva><attrvae>No aplica</attrvae></attrvai></attr><attr><attrlabl>ESTADOS</attrlabl><attrdef>Car&#x00E1;cter</attrdef><attrdefs>INEGI</attrdefs><attrdomv><udom>Estados en donde se ubican las ANP</udom></attrdomv><attrvai><attrva>1</attrva><attrvae>No aplica</attrvae></attrvai></attr><attr><attrlabl>ID_ANP</attrlabl><attrdef>Car&#x00E1;cter</attrdef><attrdefs>CONANP</attrdefs><attrdomv><udom>C&#x00F3;digo de identificaci&#x00F3;n del &#x00C1;rea Natural Protegida</udom></attrdomv><attrvai><attrva>1</attrva><attrvae>No aplica</attrvae></attrvai></attr><attr><attrlabl>MUNICIPIOS</attrlabl><attrdef>Car&#x00E1;cter</attrdef><attrdefs>INEGI</attrdefs><attrdomv><udom>Municipios en donde se ubican las ANP</udom></attrdomv><attrvai><attrva>1</attrva><attrvae>No aplica</attrvae></attrvai></attr><attr><attrlabl>NOMBRE</attrlabl><attrdef>Car&#x00E1;cter</attrdef><attrdefs>CONANP</attrdefs><attrdomv><udom>Nombre que se le asigna a cada una de las ANP, seg&#x00FA;n el Diario Oficial de la Federaci&#x00F3;n.</udom></attrdomv><attrvai><attrva>1</attrva><attrvae>No aplica</attrvae></attrvai></attr><attr><attrlabl>PCM1</attrlabl><attrdef>Num&#x00E9;rico</attrdef><attrdefs>CONANP</attrdefs><attrdomv><udom>Fecha de publicaci&#x00F3;n en el Diario Oficial de la Federaci&#x00F3;n del Programa de Conservaci&#x00F3;n y Manejo del &#x00C1;rea Natural Protegida.</udom></attrdomv><attrvai><attrva>1</attrva><attrvae>No aplica</attrvae></attrvai></attr><attr><attrlabl>UKLT_DOF</attrlabl><attrdef>Num&#x00E9;rico</attrdef><attrdefs>Ultimo decreto Oficial</attrdefs><attrdomv><udom>Fecha de la &#x00FA;ltima publicaci&#x00F3;n en el DOF</udom></attrdomv></attr></detailed></eainfo><distinfo><distrib><cntinfo><cntorgp><cntorg>Comisi&#x00F3;n Nacional para el Conocimiento y Uso de la Biodiversidad (CONABIO)</cntorg><cntper>Subcoordinaci&#x00F3;n de Sistemas de Informaci&#x00F3;n Geogr&#x00E1;fica</cntper></cntorgp><cntpos>Subcoordinador de Sistemas de Informaci&#x00F3;n Geogr&#x00E1;fica</cntpos><cntaddr><addrtype>mailing and physical address</addrtype><address>Liga Perif&#x00E9;rico Insurgentes Sur Num. 4903 1er piso. Col. Parques del Pedregal. Delg. Tlalpan</address><city>Ciudad de M&#x00E9;xico</city><state>Ciudad de M&#x00E9;xico</state><postal>14010</postal><country>M&#x00E9;xico</country></cntaddr><cntvoice>50045012</cntvoice><cntfax>50044931</cntfax><cntemail>ssig@conabio.gob.mx</cntemail><hours>Lunes a Viernes de 8 a 18 hrs.</hours></cntinfo></distrib><resdesc>anpmay2023gw</resdesc><distliab>La Subcoordinaci&#x00F3;n de Sistemas de Informaci&#x00F3;n Geogr&#x00E1;fica de la CONABIO solo se hace responsable de la informaci&#x00F3;n presentada en el mapa y se deslinda del uso que se le de a la misma.</distliab><stdorder><digform><digtinfo><formname>ESRI Shapefile (SHP)</formname><formverd>199807</formverd><filedec>compactado en ZIP</filedec><transize>7.31</transize></digtinfo><digtopt><onlinopt><computer><networka><networkr> http://www.conabio.gob.mx/informacion/gis/maps/geo/anpmay2023gw.zip</networkr></networka></computer><accinstr>Coordenadas geogr&#x00E1;ficas WGS84. (EPSG:4326). Formato vectorial de almacenamiento de elementos geogr&#x00E1;ficos y sus atributos asociados. </accinstr></onlinopt></digtopt></digform><digform><digtinfo><formname>Google Earth (KML)</formname><formvern>2.2</formvern><filedec>compactado como KMZ</filedec></digtinfo><digtopt><onlinopt><computer><networka><networkr> http://www.conabio.gob.mx/informacion/gis/maps/kmz/anpmay2023gw.kmz</networkr></networka></computer><accinstr>Coordenadas geogr&#x00E1;ficas WGS84. (EPSG:4326). Los archivos KML representan datos geogr&#x00E1;ficos para Google Earth, a menudo suelen distribuirse comprimidos como KMZ.</accinstr></onlinopt></digtopt></digform><digform><digtinfo><formname>CNB.GEO.TMS</formname><formvern>1.0.0</formvern><formspec>PNG</formspec></digtinfo><digtopt><onlinopt><computer><networka><networkr>http://wms0.conabio.gob.mx/anpmay2023gw.py/</networkr><networkr>http://wms1.conabio.gob.mx/anpmay2023gw.py/</networkr><networkr>http://wms2.conabio.gob.mx/anpmay2023gw.py/</networkr></networka></computer></onlinopt></digtopt></digform><digform><digtinfo><formname>Servicio de im&#x00E1;genes (WMS)</formname><formvern>1.1.1</formvern></digtinfo><digtopt><onlinopt><computer><networka><networkr>http://www.conabio.gob.mx/informacion/explorer/wms?Format=image/png&amp;request=GetMap&amp;version=1.1.1&amp;width=800&amp;height=424&amp;srs=EPSG:4326&amp;bbox=-120.0,13.8,-85.1,33.5&amp;layers=anpmay2023gw</networkr></networka></computer><accinstr>Coordenadas geogr&#x00E1;ficas WGS84. (EPSG:4326). Servicio Web Map Service. Los mapas de datos referenciados espacialmente producidos se generan normalmente en un formato de imagen como PNG, GIF o JPEG, pueden se vistos en un SIG </accinstr></onlinopt></digtopt></digform><digform><digtinfo><formname>Mapa digital interactivo</formname><formvern>1.0</formvern></digtinfo><digtopt><onlinopt><computer><networka><networkr>http://www.conabio.gob.mx/informacion/gis/?vns=gis_root/region/biotic/anpmay2023gw</networkr></networka></computer><accinstr>Coordenadas geogr&#x00E1;ficas WGS84. (EPSG:4326)</accinstr></onlinopt></digtopt></digform><fees>Acceso libre sin ning&#x00FA;n cargo al p&#x00FA;blico en general.</fees></stdorder><techpreq>Tener sistemas compatibles con archivos Shapefile, en caso que existan se pueden visualizar en Google Earth KML y/o conexi&#x00F3;n al servicio WMS.</techpreq></distinfo><metainfo><metd>20230719</metd><metc><cntinfo><cntorgp><cntorg>Comisi&#x00F3;n Nacional para el Conocimiento y Uso de la Biodiversidad (CONABIO)</cntorg><cntper>Subcoordinaci&#x00F3;n de Sistemas de Informaci&#x00F3;n Geogr&#x00E1;fica</cntper></cntorgp><cntpos>Administrador de Metadatos</cntpos><cntaddr><addrtype>mailing and physical address</addrtype><address>Liga Perif&#x00E9;rico Insurgentes Sur Num. 4903 1er piso. Col. Parques del Pedregal. Delg. Tlalpan</address><city>Ciudad de M&#x00E9;xico</city><state>Ciudad de M&#x00E9;xico</state><postal>14010</postal><country>M&#x00E9;xico</country></cntaddr><cntvoice>01 55 5004 5012</cntvoice><cntfax>50044931</cntfax><cntemail>ssig@conabio.gob.mx</cntemail><hours>Lunes a Viernes de 8 a 18 hrs.</hours></cntinfo></metc><metstdn>FGDC Content Standards for Digital Geospatial Metadata, 1998</metstdn><metstdv>FGDC-STD-001-1998 version 2.0</metstdv></metainfo></metadata>